Category,Subcategory,Procedure / Item,Condition / Trigger / Step,Price / Rate,Primary Question (English),Primary Question (Tagalog),Clinic Approved Response (English),Clinic Approved Response (Tagalog),Question Variations (English),Question Variations (Tagalog)
Clinical Consultation & Screening,Tooth Extraction,Tooth Extraction Eligibility,Initial Screening,"₱1,000–₱3,000 (basic extraction)",Can I have a tooth extracted?,Maaari po ba akong magpabunot ng ngipin?,"Before we can determine if a tooth extraction is appropriate, may we ask if you have any allergies, medical conditions, or are currently taking any medications or maintenance drugs?","Bago po natin malaman kung maaari kayong magpabunot ng ngipin, maaari po ba naming malaman kung mayroon kayong mga allergy, medical condition, o umiinom ng anumang gamot o maintenance medicine?",Can I get my tooth pulled?; Can I have a tooth extracted?; I want to get my tooth extracted; Is it safe for me to extract a tooth?,Pwede po ba magpabunot?; Pwede ba ako magpabunot ng ngipin?; Gusto ko po magpabunot; Ligtas po ba magpabunot ng ngipin para sa akin?
Clinical Consultation & Screening,Tooth Extraction,Tooth Extraction Eligibility,If patient answers 'Yes' (has allergies / medical conditions / maintenance drugs),-,Can I have a tooth extracted?,Maaari po ba akong magpabunot ng ngipin?,"Thank you for informing us. For your safety, we kindly request that you provide a medical certificate or medical clearance from your attending physician before undergoing tooth extraction. This will help our dentist assess whether the procedure can be safely performed.","Salamat po sa impormasyon. Para po sa inyong kaligtasan, humihiling po kami ng medical certificate o medical clearance mula sa inyong attending physician bago magpabunot ng ngipin. Makakatulong po ito sa aming dentista upang matiyak na ligtas gawin ang operasyon o bunot.","I have medical conditions and want extraction; I take maintenance medicine, can I extract tooth?; Do I need clearance for tooth extraction?","May medical condition po ako pwede ba magpabunot?; Umiinom po ako ng maintenance, pwede ba magpabunot?; Kailangan po ba ng clearance sa bunot?"
Clinical Consultation & Screening,Tooth Extraction,Tooth Extraction Eligibility,If patient answers 'No' (no allergies / medical conditions),-,Can I have a tooth extracted?,Maaari po ba akong magpabunot ng ngipin?,Thank you. You may proceed to TeethTalk Dental Clinic for a dental examination. Our dentist will evaluate your condition and determine whether tooth extraction is the most appropriate treatment.,Maraming salamat po. Maaari na po kayong pumunta sa TeethTalk Dental Clinic para sa dental examination. Susuriin po ng aming dentista ang inyong kalagayan upang matukoy kung bunot po ang pinakaangkop na gamot o solusyon.,"I have no medical conditions, can I get extracted?; I want to visit for tooth extraction","Wala naman po akong sakit, pwede ba magpabunot?; Pwede na po ba ako magpunta para magpabunot?"
Clinical Consultation & Screening,Pediatric Dentistry,Tooth Extraction for Children,Initial Screening,-,Can a child undergo tooth extraction?,Maaari po bang magpabunot ng ngipin ang bata?,May we know the child's age?,Maaari po ba naming malaman kung ilang taon na ang bata?,Can kids get teeth extracted?; Can my child have a tooth pulled?; At what age can a child extract teeth?,Pwede ba magpabunot ang bata?; Pwede po ba bunutan ang anak ko?; Anong edad pwede magpabunot ng ngipin ang bata?
Clinical Consultation & Screening,Pediatric Dentistry,Tooth Extraction for Children,If child is 5 years old or below,-,Can a child undergo tooth extraction?,Maaari po bang magpabunot ng ngipin ang bata?,"Generally, tooth extraction is not recommended for children aged five years old and below without proper dental evaluation. We encourage you to visit the clinic so our dentist can assess the child's condition and recommend the most appropriate treatment.","Sa pangkalahatan, hindi po inirerekomenda ang pagbunot ng ngipin sa mga batang limang (5) taong gulang pababa nang walang masusing dental evaluation. Hinihikayat po namin kayong bumisita sa klinika upang masuri ng dentista ang kalagayan ng bata at mairekomenda ang nararapat na gamot o gamutan.",My 4 year old needs tooth extraction; Can a toddler get a tooth extracted?; Extraction for 5 years old,Pwede ba bunutan ang 4 years old?; Pwede ba magpabunot ang toddler o 5 years old pababa?; Bunot para sa batang 5 anyos pababa
Clinical Consultation & Screening,Pediatric Dentistry,Tooth Extraction for Children,If child is 6 years old and above,-,Can a child undergo tooth extraction?,Maaari po bang magpabunot ng ngipin ang bata?,Children aged six years old and above may be considered for tooth extraction depending on their dental condition. The dentist may require a dental X-ray before the procedure. Please visit the clinic for a thorough examination.,Ang mga batang anim (6) na taong gulang pataas ay maaaring sumailalim sa pagbunot depende sa kondisyon ng kanilang ngipin. Maaaring humingi ang dentista ng dental X-ray bago ang pamamaraan. Mangyaring bumisita sa klinika para sa kumpletong checkup.,Can a 7 year old get a tooth extracted?; Extraction for 6 years old and above; Tooth pulling for older kids,Pwede ba bunutan ang 6 years old pataas?; Pwede ba bunutan ang 7 taong gulang?; Bunot para sa batang 6 anyos pataas
Clinical Consultation & Screening,Orthodontics,Braces Consultation Eligibility,Initial Screening,-,Can I get braces?,Maaari po ba akong magpalagay ng braces?,May we know your reason for wanting braces?,Maaari po ba naming malaman ang inyong dahilan kung bakit nais ninyong magpa-braces?,Can I get braces?; Am I qualified for braces?; Are braces suitable for me?; Can anyone have braces?; Is it okay if I want braces?,Pwede po ba ako magpa-braces?; Qualified po ba ako sa braces?; Para sa akin po ba ang braces?; Pwede ba kahit sino magpa-braces?
Clinical Consultation & Screening,Orthodontics,Braces Consultation Eligibility,If for cosmetic or fashion purposes only,-,Can I get braces?,Maaari po ba akong magpalagay ng braces?,"Thank you for your inquiry. At TeethTalk Dental Clinic, orthodontic treatment is recommended primarily to address dental alignment, bite problems, and other oral health concerns. Braces are prescribed only after a comprehensive evaluation by one of our licensed dentists.","Salamat po sa inyong inquiry. Sa TeethTalk Dental Clinic, ang orthodontic treatment (braces) ay inirerekomenda pangunahin para ituwid ang ngipin, ayusin ang kagat (bite), at iba pang problemang pang-oral health. Ang braces po ay inilalagay lamang matapos ang kumpletong pagsusuri ng aming lisensyadong dentista.",Can I get fashion braces?; I want braces just for style/looks; Do you install aesthetic/fashion braces?,Pwede ba magpalagay ng fashion braces?; Gusto ko lang po ng braces para sa porma/itsura; Naglalagay ba kayo ng pamporma lang na braces?
Clinical Consultation & Screening,Orthodontics,Braces Consultation Eligibility,If for medical or orthodontic reasons,-,Can I get braces?,Maaari po ba akong magpalagay ng braces?,"Thank you. We recommend scheduling a consultation at the clinic so our dentist can evaluate your teeth and bite. A thorough examination, and if necessary, diagnostic X-rays, will help determine whether braces are the appropriate treatment for you.",Maraming salamat po. Inirerekomenda po namin ang pag-schedule ng konsultasyon sa klinika upang masuri ng aming dentista ang inyong mga ngipin at kagat. Ang masusing checkup at diagnostic X-ray ay makakatulong upang matukoy kung nararapat po sa inyo ang braces.,"I need braces for crooked teeth; My bite is misaligned, can I get braces?; How to consult for orthodontic treatment?","Sungki po ang ngipin ko, pwede ba magpa-braces?; Hindi pantay ang kagat ko, kailangan ko ba ng braces?; Paano magpa-consult para sa braces?"
Patient Care & Instructions,Orthodontics,First-Time Braces Aftercare & Diet,General Post-Procedure Care,-,What foods can I eat after getting braces for the first time?,Anong mga pagkain ang maaari kong kainin pagkatapos magpakabit ng braces sa unang pagkakataon?,"After your braces are placed, it is recommended to eat soft foods for the first few days or as advised by your dentist. Examples include: Soup, Lugaw or arroz caldo, Mashed potatoes, Yogurt, Oatmeal, Scrambled eggs, Pasta, Soft rice, Bananas, Soft bread. Please avoid hard foods (nuts, popcorn, hard candies), sticky foods (chewing gum, caramel), and very chewy foods (bagels, tough meat). If you experience severe pain, broken brackets, or persistent discomfort, please contact or visit the clinic immediately.","Pagkatapos maikabit ang inyong braces, inirerekomendang kumain ng malalambot na pagkain sa mga unang araw o ayon sa payo ng dentista. Halimbawa: Sopas, Lugaw o arroz caldo, Mashed potatoes, Yogurt, Oatmeal, Scrambled eggs, Pasta, Malambot na kanin, Saging, at Malambot na tinapay. Iwasan po ang: Matitigas na pagkain (nuts, popcorn, matitigas na kendi), Malalagkit na pagkain (bubble gum, caramel), at Makukunat na pagkain (bagels, makunat na karne). Kung makaranas ng matinding sakit o matanggalan ng bracket, kontakin agad ang klinika.",What can I eat with new braces?; Foods allowed after braces installation; Diet guide for braces; What foods should I avoid with braces?,Anong pwede kainin pag bagong lagay ang braces?; Mga bawal at pwedeng kainin sa may braces; Tips sa pagkain pag may braces; Bawal bang kumain ng matigas pag may braces?
Patient Care & Instructions,Orthodontics,Braces Adjustment Follow-up,Standard Maintenance,Monthly adjustment fees apply based on braces type,When should I return for my braces adjustment?,Kailan po ako dapat bumalik para sa adjustment ng aking braces?,"Braces adjustments are generally scheduled once every month. However, your follow-up appointment will always depend on the treatment plan prescribed by your dentist. Please follow the schedule provided during your last visit.","Ang adjustment ng braces ay karaniwang ginagawa minsan bawat buwan. Gayunpaman, ang inyong follow-up appointment ay nakadepende pa rin sa treatment plan na itinakda ng inyong dentista. Mangyaring sundin ang schedule na ibinigay sa inyong huling pagbisita.",How often are braces adjustments?; When is my next braces visit?; Frequency of braces tightening; Braces follow-up schedule,Gaano kadalas ang adjustment ng braces?; Kailan ang susunod kong balik sa braces?; Ilang beses magpapa-adjust ng braces?; Gaano katagal bago bumalik para sa adjustment?
General Clinic Inquiries,Pricing Overview,General Dental Services Pricing,General Inquiry,Varies per procedure,How much does your dental service cost?,Magkano po ang inyong dental services?,"The cost depends on the specific dental procedure you need. Examples include: Oral Prophylaxis (₱1,000–₱3,000), Tooth Extraction (₱1,000–₱3,000), Root Canal Treatment (₱7,000–₱10,000 per canal), Periapical X-ray (₱500), Panoramic X-ray (₱1,000), Metal Braces (₱35,000), Ceramic Braces (₱45,000). If you're looking for the price of a specific procedure, please let us know the service you're interested in.","Ang presyo ay nakadepende sa partikular na dental procedure na inyong kailangan. Halimbawa: Oral Prophylaxis o Cleaning (₱1,000–₱3,000), Bunot ng Ngipin (₱1,000–₱3,000), Root Canal Treatment (₱7,000–₱10,000 bawat canal), Periapical X-ray (₱500), Panoramic X-ray (₱1,000), Metal Braces (₱35,000), Ceramic Braces (₱45,000). Kung may partikular na serbisyo kayong gustong malaman, pakisabi lamang po sa amin.",How much are your services?; What are your dental rates?; Price list of dental treatments; How much for teeth treatment?,Magkano po ang mga serbisyo ninyo?; Magkano magpagawa ng ngipin?; Pricelist po ng mga dental procedures?; Magkano rate ninyo sa klinika?
Clinic Operations,Appointments & Hours,Clinic Operating Hours,General Inquiry,-,What are your clinic hours?,Ano po ang oras ng inyong klinika?,Our clinic operating hours and open days are available upon scheduling. Please contact TeethTalk Dental Clinic to verify today's schedule.,Ang oras at mga araw ng operasyon ng aming klinika ay makukuha sa oras ng inyong pagpapaschedule. Mangyaring makipag-ugnayan sa TeethTalk Dental Clinic upang matiyak ang schedule para sa araw na ito.,What time do you open?; What time do you close?; Are you open on weekends?; What are your operating days?,Anong oras kayo bukas?; Anong oras kayo nagsasara?; Bukas ba kayo ng weekend?; Anong mga araw bukas ang clinic?
Clinic Operations,Appointments & Hours,Walk-In Policy,General Inquiry,-,Do you accept walk-in patients?,Tumatanggap po ba kayo ng walk-in patients?,"Walk-in patients are accepted based on dental chair availability, but priority is given to patients with confirmed appointments. We recommend booking in advance to avoid long wait times.","Tumatanggap po kami ng walk-in patients depende sa bakanteng dental chair, ngunit binibigyang-priyoridad po ang mga pasyenteng may confirmed appointment. Inirerekomenda po namin ang magpa-schedule nang maaga upang maiwasan ang matagal na paghihintay.",Can I walk in?; Do you allow walk-in appointments?; Is an appointment required to be seen?,Pwede po ba mag-walk in?; Tumatanggap ba kayo ng walang appointment?; Kailangan po ba laging may appointment bago pumunta?
Clinic Operations,Appointments & Hours,Appointment Booking,General Inquiry,-,How do I book an appointment?,Paano po mag-book ng appointment?,"You can schedule an appointment by messaging our official page, calling our clinic hotline, or visiting TeethTalk Dental Clinic directly.","Maaari po kayong mag-schedule ng appointment sa pamamagitan ng pag-message sa aming official page, pagtawag sa aming clinic hotline, o direktang pagbisita sa TeethTalk Dental Clinic.",How can I set an appointment?; Where do I book a consultation?; Can I schedule an appointment online?,Paano magpa-appointment?; Saan po pwede mag-schedule ng checkup?; Pwede po ba magpa-book online?
Clinic Operations,Location & Branches,Clinic Location / Nearest Branch,General Inquiry,-,Which branch is nearest to me?,Aling branch po ang pinakamalapit sa akin?,Please share your current city or location so we can provide directions to the nearest TeethTalk Dental Clinic branch.,Maaari po bang malaman ang inyong lungsod o lokasyon upang maibigay namin ang direksyon patungo sa pinakamalapit na branch ng TeethTalk Dental Clinic.,Where is your clinic located?; What is your clinic address?; Do you have other branches near me?,Saan po ang inyong klinika?; Saan po may branch ang TeethTalk?; May malapit po bang branch sa akin?
Billing & Insurance,Insurance Coverage,HMO & Health Insurance,General Inquiry,-,Do you accept HMO or insurance?,Tumatanggap po ba kayo ng HMO o dental insurance?,HMO and insurance acceptance depends on accredited provider partners. Please send us your HMO card details and provider name so we can check your coverage eligibility.,Ang pagtanggap ng HMO at insurance ay nakadepende sa aming mga accredited provider partners. Pakisend po ang detalye ng inyong HMO card at provider name upang ma-verify namin ang inyong coverage.,Is HMO accepted?; Can I use Maxicare / Intellicare / Medicard?; Does my health card cover dental services?,Puwede po ba ang Maxicare / Intellicare / Medicard?; Covered po ba ng health card ang serbisyo?; Tumatanggap po ba kayo ng dental insurance?
Dental Services FAQ,Orthodontics,Pre-Braces Appointment,Pre-Procedure,-,Do I need an appointment before getting braces?,Kailangan po ba ng appointment bago magpalagay ng braces?,"Yes, a comprehensive consultation and dental assessment (including examination and diagnostic X-rays) are required before placing braces.","Opo, kinakailangan ang masusing konsultasyon at dental assessment (kasama ang pagsusuri at diagnostic X-rays) bago kabitan ng braces.",Can I get braces on the same day?; Do I need consultation before braces?; What are the steps before getting braces?,Pwede ba magpakabit agad ng braces sa mismong araw?; Kailangan po ba munang magpa-consult bago braces?; Ano ang unang step bago magpa-braces?
Dental Services FAQ,Orthodontics,Braces Treatment Duration,General Inquiry,-,How long does braces treatment usually take?,Gaano katagal karaniwang tumatagal ang gamutan sa braces?,Braces treatment typically takes between 1 to 3 years depending on the complexity of your dental alignment and compliance with monthly adjustments.,Karaniwang tumatagal ang braces treatment ng 1 hanggang 3 taon depende sa sitwasyon ng inyong mga ngipin at sa inyong pagsunod sa buwanang adjustment.,How many years do I wear braces?; When will my braces come off?; Duration of braces treatment,Ilang taon bago matapos ang braces?; Kailan tatanggalin ang braces ko?; Gaano katagal kailangan magsuot ng braces?
Dental Services FAQ,Cosmetic Dentistry,Teeth Whitening Safety,General Inquiry,-,Is teeth whitening safe?,Ligtas po ba ang teeth whitening?,"Yes, professional teeth whitening conducted by a licensed dentist is safe and uses controlled formulations that protect your enamel and gums.","Opo, ang professional teeth whitening na ginagawa ng lisensyadong dentista ay ligtas at gumagamit ng mga aprubadong pormula na nagpoprotekta sa inyong enamel at gilagid.",Will bleaching damage my teeth?; Is teeth whitening harmful?; Are there side effects to teeth bleaching?,Masisira ba ang ngipin sa bleaching?; Ligtas ba magpaputi ng ngipin?; May masamang epekto ba ang teeth whitening?
Dental Services FAQ,Oral Surgery,Extraction Duration,General Inquiry,-,How long does tooth extraction take?,Gaano katagal ang proseso ng pagbunot ng ngipin?,"A simple extraction usually takes about 20 to 45 minutes per tooth, including local anesthesia onset and post-operative instructions.","Ang simpleng bunot ay karaniwang tumatagal ng mga 20 hanggang 45 minuto bawat ngipin, kabilang ang paghihintay na tumalab ang pampamanhid at ang pagbibigay ng tagubilin pagkatapos ng bunot.",How many minutes does pulling a tooth take?; Is tooth extraction fast?; How long will I be in the dental chair for extraction?,Ilang minuto ang bunot ng ngipin?; Mabilis lang po ba magpabunot?; Gaano katagal sa dental chair kapag nagpabunot?
Dental Services FAQ,Post-Extraction Care,Eating After Tooth Extraction,Post-Procedure,-,When can I eat after a tooth extraction?,Kailan po ako maaaring kumain pagkatapos ng bunot?,"You may eat soft, cool foods once the local anesthesia numbness has completely worn off (typically 2–3 hours), avoiding chewing on the extraction side.","Maaari na po kayong kumain ng malalambot at malalamig na pagkain kapag nawala na nang tuluyan ang manhid mula sa anesthesia (karaniwang 2–3 oras), at iwasang ngumuya sa bahaging binunutan.",Can I eat right after extraction?; What can I eat after tooth pulling?; When does numbness wear off so I can eat?,Pwede na ba kumain agad pagkatapos bunutan?; Ano ang pwedeng kainin pagkatapos ng bunot?; Kailan mawawala ang pamamanhid para makakain?
Dental Services FAQ,Medication Instructions,Prescribed Medication Timing,Post-Procedure,-,When should I take my prescribed medications?,Kailan ko po dapat inumin ang aking mga iniresetang gamot?,Take prescribed pain relievers and antibiotics strictly according to your dentist's prescription and dosage schedule. Complete the full course of antibiotics as directed.,Inumin po ang mga iniresetang gamot sa pananakit at antibiotics nang mahigpit ayon sa reseta at schedule ng inyong dentista. Siguraduhing ubusin ang buong kurso ng antibiotics ayon sa tagubilin.,How to take post-op medicines?; When should I start my antibiotics?; Can I take pain medicine immediately?,Paano inumin ang gamot pagkatapos ng dental procedure?; Kailan iinumin ang antibiotic pagkabunot?; Pwede na ba uminom ng pain reliever agad?
Dental Services FAQ,Emergency / Troubleshooting,Dislodged Temporary Filling,Urgent Concern,-,What should I do if my temporary filling falls off?,Ano ang dapat kong gawin kapag natanggal ang aking pansamantalang pasta (temporary filling)?,Please contact TeethTalk Dental Clinic right away to schedule a replacement visit. Avoid chewing on that side and keep the area gently rinsed.,Mangyaring kontakin agad ang TeethTalk Dental Clinic upang magpa-schedule ng pagpapalit o pagpapaayos nito. Iwasan munang ngumuya sa bahaging iyon at banlawan nang marahan ang inyong bibig.,My temporary pasta came out; Lost my temporary tooth filling; What if temporary filling falls out?,Natanggal ang temporary pasta ko ano gagawin?; Nalaglag ang pansamantalang pasta; Pwede ba pabayaan kapag natanggal ang temporary filling?
Dental Services FAQ,Emergency / Troubleshooting,Loose Braces Bracket,Urgent Concern,₱250–₱500 recementing fee,What should I do if my braces bracket becomes loose?,Ano ang dapat kong gawin kapag naging maluwag o natanggal ang bracket ng aking braces?,"Apply orthodontic wax over the bracket if it is irritating your mouth, avoid playing with it, and contact the clinic immediately to have it recemented.","Lagyan po ng orthodontic wax ang bracket kung ito ay sumusugat sa inyong bibig, huwag galawin o paglaruan, at kontakin agad ang klinika upang maikabit o mai-recement ito muli.",My bracket popped off; Loose bracket on braces; What to do with detached bracket?,Natanggal ang bracket ng braces ko; Maluwag ang bracket ko ano dapat gawin?; May sumusugat na bracket ng braces ano gagawin?
Dental Services FAQ,Emergency / Troubleshooting,Broken Retainer,Urgent Concern,Replacement costs apply per arch,What should I do if my retainer breaks?,Ano ang dapat kong gawin kapag nabasag o nasira ang aking retainer?,"Stop wearing a broken or cracked retainer to prevent mouth injury, and visit the clinic promptly to take a new impression for a replacement.","Itigil muna po ang pagsusuot ng basag o sirang retainer upang maiwasan ang sugat sa bibig, at bumisita agad sa klinika upang makunan ng bagong sukat para sa kapalit.",My retainer snapped; Cracked clear retainer; Retainer broken in half,Nabasag ang retainer ko ano gagawin?; May lamat ang clear retainer ko pwede pa ba isuot?; Naputol ang retainer ko
Billing & Insurance,Payment Options,Payment Methods,General Inquiry,-,What payment methods do you accept?,Ano-anong paraan ng pagbabayad ang inyong tinatanggap?,"We accept cash, GCash, bank transfers, and major credit/debit cards. Please verify at the reception for available payment channels.","Tumatanggap po kami ng Cash, GCash, Bank Transfer, at mga pangunahing Credit o Debit Card. Mangyaring magtanong sa aming reception para sa iba pang detalye.",Can I pay with GCash?; Do you accept credit cards?; What are the modes of payment?,Pwede po ba magbayad gamit ang GCash?; Tumatanggap po ba kayo ng credit card?; Ano po ang mga mode of payment ninyo?
Billing & Insurance,Payment Options,Braces Installment Plans,General Inquiry,"Down payment: ₱4,000–₱30,000 depending on bracket type",Do you offer installment plans for braces?,Mayroon po ba kayong installment plans para sa braces?,"Yes, we offer flexible installment payment schemes for braces consisting of an initial down payment followed by affordable monthly adjustment fees.","Opo, nag-aalok po kami ng abot-kayang installment plan para sa braces kung saan magbabayad muna ng paunang down payment na susundan ng buwanang hulog sa bawat adjustment.",Can I pay braces in monthly installments?; How does payment for braces work?; Is there monthly payment for braces?,Pwede po ba installment ang braces?; Paano po ang bayaran sa braces?; May buwanang hulog po ba ang braces?
Billing & Insurance,Consultation Fees,Consultation Fee Deduction,General Inquiry,-,Is the consultation fee deducted from the treatment cost?,Ibinabawas po ba ang bayad sa konsultasyon sa kabuuang halaga ng gamutan?,"In many cases, the consultation fee can be applied or credited toward your scheduled treatment plan. Please inquire with our clinic staff during your visit.","Sa maraming pagkakataon, ang bayad sa checkup o konsultasyon ay maaaring ibawas o i-credit sa inyong itinakdang treatment plan. Mangyaring magtanong sa aming clinic staff sa inyong pagbisita.",Is consultation deductible?; Does the checkup fee go towards procedure cost?; Do I pay consultation if I get treatment today?,Bawas po ba ang consultation fee sa procedure?; Mababawas ba ang bayad sa checkup kapag nagpagawa ako agad?; Kasama na ba ang consultation fee sa treatment?
Emergency Care,Dental Emergency,Severe Toothache,Urgent / Emergency,-,What should I do if I have severe tooth pain?,Ano ang dapat kong gawin kapag mayroon akong matinding sakit sa ngipin?,"Rinse gently with warm salt water, take an over-the-counter painkiller if safe for you, avoid applying aspirin directly to the gum, and visit TeethTalk Dental Clinic immediately.","Magmumog po ng maligamgam na tubig na may asin, uminom ng aprubadong over-the-counter pain reliever kung ligtas sa inyo, huwag maglagay ng aspirin nang direkta sa gilagid, at pumunta agad sa TeethTalk Dental Clinic.",Unbearable toothache what to do?; Tooth pain emergency; Severe dental pain relief,Sobrang sakit ng ngipin ko anong gagawin?; Emergency toothache ano mabisang gamot?; Hindi matigil ang sakit ng ngipin ano gamot?
Emergency Care,Dental Emergency,Emergency Walk-Ins,Urgent / Emergency,-,Can I visit without an appointment during an emergency?,Maaari po ba akong pumunta nang walang appointment kapag emergency?,"Yes, dental emergencies (severe pain, uncontrolled bleeding, facial trauma) are prioritized as urgent walk-in cases. Please notify us on your way so our team can prepare.","Opo, ang mga dental emergency (tulad ng matinding pananakit, tuloy-tuloy na pagdurugo, o trauma sa mukha) ay binibigyang-priyoridad bilang urgent walk-in. Pakisabihan po kami habang papunta kayo upang makapaghanda ang aming dental team.",Do you accommodate dental emergencies?; Can I come right now for urgent tooth pain?; Walk-in for emergency,Tumatanggap ba kayo ng dental emergency kahit walang schedule?; Pwede bang pumunta agad kapag sumasakit nang sobra ang ngipin?; Urgent walk-in para sa emergency ngipin
Emergency Care,Dental Emergency,Facial Swelling,Urgent / Emergency,-,What should I do if my face is swollen?,Ano ang dapat kong gawin kapag namamaga ang aking mukha dahil sa ngipin?,Facial swelling often indicates a severe dental infection. Do not apply hot compress to your face; apply a cold pack externally and seek urgent dental evaluation at once.,Ang pamamaga ng mukha ay karaniwang senyales ng malalang impeksyon sa ngipin. Huwag pong maglagay ng mainit na compress sa pisngi; sa halip ay maglagay ng cold pack sa labas ng mukha at magpatingin agad sa dentista.,Swollen cheek from tooth infection; My face is swelling up what to do?; Gum and face swelling emergency,Namamaga ang pisngi ko dahil sa ngipin ano gagawin?; Namamaga ang mukha mula sa impeksyon sa ngipin; Emergency sa maga na mukha at gilagid
Pricelist,Basic Procedures,Oral Prophylaxis (Cleaning),Standard Procedure,"₱1,000–₱3,000",How much is oral prophylaxis (cleaning)?,Magkano po ang oral prophylaxis (cleaning)?,"Oral prophylaxis costs ₱1,000 to ₱3,000, depending on the patient's case and calculus buildup.","Ang oral prophylaxis (cleaning) ay nagkakahalaga ng ₱1,000 hanggang ₱3,000, depende sa kapal ng dumi o tartar ng pasyente.",How much is cleaning?; What is the price of oral prophylaxis?; Teeth cleaning cost; How much to clean teeth?,Magkano magpalinis ng ngipin?; Magkano ang cleaning sa TeethTalk?; Price ng oral prophylaxis; Magkano magpatanggal ng tartar?
Pricelist,Basic Procedures,Basic Tooth Extraction,Standard Procedure,"₱1,000–₱3,000",How much is a basic tooth extraction?,Magkano po ang simpleng pagbunot ng ngipin?,"Basic tooth extraction costs ₱1,000 to ₱3,000 depending on the complexity of the extraction.","Ang simpleng pagbunot ng ngipin ay nagkakahalaga ng ₱1,000 hanggang ₱3,000 depende sa hirap o kondisyon ng ngipin.",How much to pull a tooth?; Tooth extraction price; Cost of bunot ng ngipin; Simple extraction rate,Magkano magpabunot ng ngipin?; Presyo ng bunot sa ngipin; Magkano bunot sa clinic niyo?; Magkano magtanggal ng ngipin?
Pricelist,Basic Procedures,Additional Carpule Anesthesia,Add-on / Consumable,₱300 per additional carpule (first 2 free),How much is an additional carpule?,Magkano po ang dagdag na carpule ng pampamanhid?,Additional carpules cost ₱300 each after the first two free carpules included in the procedure.,Ang bawat karagdagang carpule ay nagkakahalaga ng ₱300 matapos ang unang dalawang libreng carpule na kasama sa procedure.,Price of extra anesthesia; How much for additional carpule?; Cost of dental anesthesia shot,Magkano ang dagdag na anesthesia?; Presyo ng additional carpule; Magkano magpadagdag ng pampamanhid?
Pricelist,Basic Procedures,Tooth Restoration (Pasta / Filling),Standard Procedure,"₱1,000–₱3,000",How much is tooth restoration?,Magkano po ang pasta o tooth restoration?,"Tooth restoration (pasta/filling) costs ₱1,000 to ₱3,000, depending on the tooth condition and surface area.","Ang tooth restoration (pasta) ay nagkakahalaga ng ₱1,000 hanggang ₱3,000, depende sa laki ng sira at kondisyon ng ngipin.",How much is pasta?; Cost of tooth filling; Dental filling price; Tooth restoration fee,Magkano magpapasta ng ngipin?; Presyo ng pasta sa ngipin; Magkano tooth filling?; Magkano pasta per tooth?
Pricelist,Special Procedures,Root Canal Treatment,Endodontic Procedure,"₱7,000–₱10,000 per canal",How much is a root canal treatment?,Magkano po ang root canal treatment?,"Root canal treatment costs ₱7,000 to ₱10,000 per canal.","Ang root canal treatment ay nagkakahalaga ng ₱7,000 hanggang ₱10,000 bawat canal.",Price of root canal; How much for RCT?; Root canal treatment cost per canal; RCT fee,Magkano ang RCT?; Presyo ng root canal therapy; Magkano root canal kada kanal?; Magkano magpa-root canal?
Pricelist,Special Procedures,Vital Pulp Therapy,Endodontic Procedure,"₱8,000",How much is vital pulp therapy?,Magkano po ang vital pulp therapy?,"Vital pulp therapy costs ₱8,000.","Ang vital pulp therapy ay nagkakahalaga ng ₱8,000.",Cost of vital pulp therapy; Vital pulp treatment price; How much is pulp therapy?,Presyo ng vital pulp therapy; Magkano ang pulp therapy?; Halaga ng vital pulp treatment
Pricelist,Special Procedures,Fiber Post,Restorative Procedure,"₱2,500",How much is a fiber post?,Magkano po ang fiber post?,"A fiber post costs ₱2,500.","Ang fiber post ay nagkakahalaga ng ₱2,500.",Cost of fiber post; Price for dental post; How much is a fiber post?,Presyo ng dental fiber post; Magkano ang poste sa ngipin?; Magkano fiber post?
Pricelist,Special Procedures,Build-Up with Fiber Reinforcement,Restorative Procedure,"₱4,000",How much is a build-up with fiber reinforcement?,Magkano po ang build-up with fiber reinforcement?,"Build-up with fiber reinforcement costs ₱4,000.","Ang build-up na may fiber reinforcement ay nagkakahalaga ng ₱4,000.",Price of fiber reinforced build up; Core build-up with fiber cost; How much is fiber build-up?,Presyo ng fiber reinforced build-up; Magkano core build-up na may fiber?; Build up na may fiber cost
Pricelist,Dentures (Prosthodontics),Ordinary Acrylic Denture,Removable Prosthetics,"₱8,000 per arch",How much is an ordinary acrylic denture?,Magkano po ang ordinary acrylic denture (pustiso)?,"An ordinary acrylic denture costs ₱8,000 per arch.","Ang ordinary acrylic denture ay nagkakahalaga ng ₱8,000 bawat arch (itaas o ibaba).",Cost of regular acrylic denture; Ordinary denture price; How much is standard denture per arch?,Magkano ang regular na pustiso?; Presyo ng acrylic denture bawat arch; Magkano ordinaryong pustiso?
Pricelist,Dentures (Prosthodontics),Complete Ordinary Denture,Full Arch Prosthetics,"₱10,000",How much is a complete ordinary denture?,Magkano po ang kumpletong ordinaryong pustiso?,"A complete ordinary denture costs ₱10,000.","Ang kumpletong ordinaryong pustiso (complete denture) ay nagkakahalaga ng ₱10,000.",Cost of full set ordinary denture; Complete denture price; How much is complete false teeth?,Magkano ang buong pustiso taas at baba?; Presyo ng complete ordinary denture; Magkano ang buong set ng pustiso?
Pricelist,Dentures (Prosthodontics),Flexible Denture,Flexible Prosthetics,"₱15,000–₱20,000",How much is a flexible denture?,Magkano po ang flexible denture?,"Flexible dentures cost ₱15,000 to ₱20,000.","Ang flexible denture ay nagkakahalaga ng ₱15,000 hanggang ₱20,000.",Price of flexible dentures; Cost of Valplast/flexible false teeth; Flexible denture rate,Magkano ang flexible na pustiso?; Presyo ng Valplast o flexible dentures; Magkano flexible false teeth?
Pricelist,Dentures (Prosthodontics),Ivocap Denture,High-Impact Acrylic,"₱20,000",How much is an Ivocap denture?,Magkano po ang Ivocap denture?,"An Ivocap denture costs ₱20,000.","Ang Ivocap denture ay nagkakahalaga ng ₱20,000.",Cost of Ivocap denture; Ivocap denture price; How much is an Ivocap denture?,Presyo ng Ivocap na pustiso; Magkano Ivocap denture?; Halaga ng Ivocap false teeth
Pricelist,Dentures (Prosthodontics),Thermosen Denture,Thermoplastic Prosthetics,"₱20,000",How much is a Thermosen denture?,Magkano po ang Thermosen denture?,"A Thermosen denture costs ₱20,000.","Ang Thermosen denture ay nagkakahalaga ng ₱20,000.",Price of Thermosen denture; Thermosen false teeth cost; How much is Thermosen?,Presyo ng Thermosen pustiso; Magkano ang Thermosen denture?; Magkano thermoplastic denture?
Pricelist,Dentures (Prosthodontics),Unilateral Denture,Partial Prosthetics,50% of bilateral denture cost,How much is a unilateral denture?,Magkano po ang unilateral denture?,A unilateral denture is priced at half the cost of a bilateral denture.,Ang presyo ng unilateral denture ay kalahati ng halaga ng isang bilateral denture.,Cost of one-sided denture; Unilateral partial denture price; How much is unilateral denture?,Magkano ang pustiso sa isang bahagi lang?; Presyo ng one-sided partial denture; Magkano unilateral denture?
Pricelist,Dentures (Prosthodontics),Metal Framework,Denture Framework Component,"₱5,000",How much is a metal framework?,Magkano po ang metal framework para sa pustiso?,"A metal framework for dentures costs ₱5,000.","Ang metal framework ay nagkakahalaga ng ₱5,000.",Price of metal framework denture; Cast metal framework cost; How much is metal framework?,Presyo ng bakal o metal framework sa pustiso; Magkano metal frame pustiso?; Halaga ng cast metal framework
Pricelist,Dentures (Prosthodontics),Metal / Flexible Clasp,Denture Attachment,"₱2,000",How much is a metal or flexible clasp?,Magkano po ang metal o flexible clasp (kawit)?,"A metal or flexible clasp costs ₱2,000.","Ang bawat metal o flexible clasp ay nagkakahalaga ng ₱2,000.",Cost of flexible clasp; Metal clasp price for dentures; How much is clasp replacement?,Magkano ang kawit ng pustiso?; Presyo ng flexible clasp; Magkano palagay ng bagong kawit sa pustiso?
Pricelist,Dentures (Prosthodontics),Wire Clasp,Denture Attachment,₱500 per clasp,How much is a wire clasp?,Magkano po ang wire clasp (kawit na alambre)?,Wire clasps cost ₱500 per clasp.,Ang wire clasp ay nagkakahalaga ng ₱500 bawat clasp.,Price of wire clasp; How much per wire clasp for denture?; Wire retainer clasp cost,Magkano ang wire clasp kada isa?; Presyo ng kawit na alambre; Magkano palagay ng alambreng kawit sa pustiso?
Pricelist,Dentures (Prosthodontics),Metal Mesh,Denture Reinforcement,"₱2,000",How much is a metal mesh?,Magkano po ang metal mesh para sa pustiso?,"A metal mesh reinforcement costs ₱2,000.","Ang metal mesh para sa tibay ng pustiso ay nagkakahalaga ng ₱2,000.",Cost of metal mesh reinforcement; Denture mesh price; How much is metal mesh?,Presyo ng metal mesh reinforcement; Magkano ang bakal na mesh sa pustiso?; Dagdag na mesh sa pustiso presyo
Pricelist,Dentures (Prosthodontics),Palatal Lingual Wire,Denture Reinforcement,"₱1,000",How much is a palatal lingual wire?,Magkano po ang palatal lingual wire?,"A palatal lingual wire costs ₱1,000.","Ang palatal lingual wire ay nagkakahalaga ng ₱1,000.",Price of palatal wire; Lingual wire cost for denture; How much is palatal lingual wire?,Presyo ng palatal lingual wire; Magkano ang kawad sa ngala-ngala ng pustiso?; Halaga ng lingual wire
Pricelist,Dentures (Prosthodontics),Branded Pontic,Prosthetic Tooth Component,"₱3,000–₱5,000",How much is a branded pontic?,Magkano po ang branded pontic (ngipin sa pustiso)?,"Branded pontics cost ₱3,000 to ₱5,000.","Ang branded pontics ay nagkakahalaga ng ₱3,000 hanggang ₱5,000.",Cost of branded pontic; Branded artificial tooth price; How much is branded pontic?,Presyo ng branded na ngipin sa pustiso; Magkano ang branded pontic?; Halaga ng pekeng ngipin na branded
Pricelist,"Crowns, Bridges & Veneers",Composite Veneers,Esthetic Restoration,"Starts at ₱3,500",How much are composite veneers?,Magkano po ang composite veneers?,"Composite veneers start at ₱3,500 per tooth.","Ang composite veneers ay nagsisimula sa ₱3,500 bawat ngipin.",Cost of composite veneers; Veneers price per tooth; How much are direct composite veneers?,Magkano magpa-veneer?; Presyo ng composite veneers per ngipin; Magkano direct composite veneers?
Pricelist,"Crowns, Bridges & Veneers",Plastic Crown,Temporary / Economy Crown,"₱3,000",How much is a plastic crown?,Magkano po ang plastic crown (jacket)?,"A plastic crown costs ₱3,000.","Ang plastic crown ay nagkakahalaga ng ₱3,000.",Price of plastic dental crown; Plastic jacket crown cost; How much is plastic crown?,Presyo ng plastic jacket crown; Magkano ang plastic crown?; Magkano temporary o plastic jacket?
Pricelist,"Crowns, Bridges & Veneers",PFM Crown (Porcelain Fused to Metal),Fixed Prosthodontics,"₱9,500",How much is a PFM crown?,Magkano po ang PFM (Porcelain Fused to Metal) crown?,"A PFM (Porcelain Fused to Metal) crown costs ₱9,500.","Ang PFM crown ay nagkakahalaga ng ₱9,500 bawat ngipin.",PFM crown price; Cost of porcelain fused to metal crown; How much is PFM crown?,Presyo ng PFM crown; Magkano ang porcelain fused to metal crown?; Magkano PFM jacket crown?
Pricelist,"Crowns, Bridges & Veneers",Ceramage Crown,Micro-Hybrid Ceramic Crown,"₱9,500",How much is a Ceramage crown?,Magkano po ang Ceramage crown?,"A Ceramage crown costs ₱9,500.","Ang Ceramage crown ay nagkakahalaga ng ₱9,500.",Cost of Ceramage crown; Ceramage crown rate; How much is Ceramage jacket crown?,Presyo ng Ceramage crown; Magkano ang Ceramage jacket crown?; Halaga ng Ceramage crown
Pricelist,"Crowns, Bridges & Veneers",Tilite Crown,Premium Alloy Ceramic Crown,"₱10,500",How much is a Tilite crown?,Magkano po ang Tilite crown?,"A Tilite crown costs ₱10,500.","Ang Tilite crown ay nagkakahalaga ng ₱10,500.",Price of Tilite crown; Tilite dental crown cost; How much is a Tilite crown?,Presyo ng Tilite crown; Magkano ang Tilite jacket crown?; Magkano Tilite crown per tooth?
Pricelist,"Crowns, Bridges & Veneers",EMAX Crown,All-Ceramic Lithium Disilicate,"₱16,500",How much is an EMAX crown?,Magkano po ang EMAX crown?,"An EMAX crown costs ₱16,500.","Ang all-ceramic EMAX crown ay nagkakahalaga ng ₱16,500.",Cost of EMAX crown; All-ceramic EMAX crown price; How much is an EMAX crown?,Presyo ng EMAX crown; Magkano ang all ceramic EMAX jacket?; Magkano EMAX porcelain crown?
Pricelist,"Crowns, Bridges & Veneers",Zirconia Crown,High-Strength All-Ceramic,"₱20,500",How much is a Zirconia crown?,Magkano po ang Zirconia crown?,"A Zirconia crown costs ₱20,500.","Ang Zirconia crown ay nagkakahalaga ng ₱20,500.",Zirconia crown price; Cost of full zirconia tooth crown; How much is Zirconia crown?,Presyo ng Zirconia crown; Magkano ang full Zirconia jacket?; Magkano matibay na Zirconia crown?
Pricelist,Orthodontics (Braces),Metal Braces - Package Package / Total Price,Total Package,"₱35,000",How much do metal braces cost?,Magkano po ang kabuuang package ng metal braces?,"The total package price for metal braces is ₱35,000.","Ang kabuuang package price para sa metal braces ay ₱35,000.",Price of regular metal braces; How much are metal braces package?; Total cost of metal braces,Magkano magpalagay ng regular metal braces?; Kabuuang presyo ng metal braces; Magkano buong bayad sa metal braces?
Pricelist,Orthodontics (Braces),Metal Braces - Down Payment,Payment Plan / DP,"₱4,000",How much is the down payment for metal braces?,Magkano po ang down payment para sa metal braces?,"The initial down payment for metal braces is ₱4,000.","Ang paunang down payment para sa metal braces ay ₱4,000.",Downpayment for metal braces; How much DP for metal braces?; Initial fee for metal braces,Magkano DP sa metal braces?; Initial downpayment para sa metal braces; Magkano unang bayad sa metal braces?
Pricelist,Orthodontics (Braces),Metal Braces - Monthly Adjustment,Monthly Maintenance,"₱1,000 per month",How much is the monthly adjustment for metal braces?,Magkano po ang buwanang adjustment ng metal braces?,"Monthly adjustment for metal braces costs ₱1,000.","Ang buwanang adjustment para sa metal braces ay nagkakahalaga ng ₱1,000 bawat buwan.",Monthly adjustment cost for metal braces; Monthly tightening fee; How much per adjustment for metal braces?,Magkano adjustment kada buwan ng metal braces?; Monthly fee ng metal braces; Magkano pahigpit ng metal braces?
Pricelist,Orthodontics (Braces),Metal Braces - Recementing,Maintenance / Repair,₱250,How much is recementing for metal braces?,Magkano po ang recementing ng bracket sa metal braces?,Recementing a loose metal bracket costs ₱250.,Ang muling pagpapadikit (recementing) ng natanggal na metal bracket ay nagkakahalaga ng ₱250.,Cost to recement metal bracket; Re-attaching bracket price; How much is recementing metal bracket?,Magkano magpakabit ulit ng natanggal na bracket?; Recementing fee metal bracket; Magkano padikit ng bracket sa metal braces?
Pricelist,Orthodontics (Braces),Metal Braces - Lost Bracket Replacement,Replacement,₱500 per bracket,How much is the replacement fee for a lost bracket in metal braces?,Magkano po ang bayad sa nawalang bracket ng metal braces?,A replacement for a lost metal bracket costs ₱500.,Ang bayad sa pagpapalit ng nawalang metal bracket ay ₱500 bawat bracket.,Fee for lost metal bracket; How much if I lost a metal bracket?; Lost bracket price metal braces,Nawala ang bracket ko sa metal braces magkano?; Presyo ng kapalit na metal bracket; Magkano lost bracket fee metal?
Pricelist,Orthodontics (Braces),Ceramic Braces - Total Package,Total Package,"₱45,000",How much do ceramic braces cost?,Magkano po ang kabuuang presyo ng ceramic braces?,"The total package price for ceramic braces is ₱45,000.","Ang kabuuang package price para sa ceramic braces ay ₱45,000.",Price of clear/ceramic braces; Ceramic braces cost; Total package for ceramic braces,Magkano ang clear o ceramic braces?; Presyo ng ceramic braces package; Kabuuang bayad sa ceramic braces
Pricelist,Orthodontics (Braces),Ceramic Braces - Down Payment,Payment Plan / DP,"₱5,500",How much is the down payment for ceramic braces?,Magkano po ang down payment para sa ceramic braces?,"The down payment for ceramic braces is ₱5,500.","Ang paunang down payment para sa ceramic braces ay ₱5,500.",DP for ceramic braces; Initial payment for ceramic braces; How much down payment ceramic braces?,Magkano DP sa ceramic braces?; Initial payment ceramic braces; Magkano paunang bayad sa ceramic braces?
Pricelist,Orthodontics (Braces),Ceramic Braces - Monthly Adjustment,Monthly Maintenance,"₱1,000 per month",How much is the adjustment fee for ceramic braces?,Magkano po ang adjustment fee para sa ceramic braces?,"Monthly adjustment for ceramic braces costs ₱1,000.","Ang buwanang adjustment fee para sa ceramic braces ay nagkakahalaga ng ₱1,000.",Monthly tightening fee for ceramic braces; Adjustment fee ceramic braces; How much per month ceramic braces?,Magkano buwanang adjustment sa ceramic braces?; Monthly tightening fee ceramic braces; Magkano pahigpit ceramic braces?
Pricelist,Orthodontics (Braces),Ceramic Braces - Recementing,Maintenance / Repair,₱250,How much is recementing for ceramic braces?,Magkano po ang recementing para sa ceramic braces?,Recementing a loose ceramic bracket costs ₱250.,Ang recementing o muling pagkakabit ng ceramic bracket ay nagkakahalaga ng ₱250.,Cost to recement ceramic bracket; Ceramic bracket recementing price; How much to reattach ceramic bracket?,Magkano padikit ulit ng ceramic bracket?; Recement fee ceramic braces; Natanggal ang ceramic bracket magkano ikabit?
Pricelist,Orthodontics (Braces),Ceramic Braces - Lost Bracket Replacement,Replacement,"₱1,000 per bracket",How much is the replacement fee for a lost bracket in ceramic braces?,Magkano po ang bayad sa nawalang bracket ng ceramic braces?,"Replacement for a lost ceramic bracket costs ₱1,000.","Ang kapalit na ceramic bracket kapag nawala ay nagkakahalaga ng ₱1,000 bawat bracket.",Fee for lost ceramic bracket; Replacement cost for clear bracket; How much if ceramic bracket is lost?,Magkano kapag nawala ang ceramic bracket?; Replacement fee sa nawalang clear bracket; Presyo ng lost bracket ceramic
Pricelist,Orthodontics (Braces),Self-Ligating Braces - Total Package,Total Package,"₱75,000",How much do self-ligating braces cost?,Magkano po ang kabuuang package ng self-ligating braces?,"The total package price for self-ligating braces is ₱75,000.","Ang kabuuang package price para sa self-ligating braces ay ₱75,000.",Damon / Self-ligating braces cost; Total price of self ligating braces; How much for self-ligating braces?,Magkano ang self-ligating braces?; Presyo ng Damon / self ligating braces; Kabuuang gastos sa self-ligating braces
Pricelist,Orthodontics (Braces),Self-Ligating Braces - Down Payment,Payment Plan / DP,"₱30,000",How much is the down payment for self-ligating braces?,Magkano po ang down payment para sa self-ligating braces?,"The down payment for self-ligating braces is ₱30,000.","Ang down payment para sa self-ligating braces ay ₱30,000.",DP for self ligating braces; Initial fee for self-ligating braces; How much down payment for self ligating?,Magkano DP sa self-ligating braces?; Initial payment self ligating; Paunang bayad sa self-ligating braces
Pricelist,Orthodontics (Braces),Self-Ligating Braces - Monthly Adjustment,Monthly Maintenance,"₱3,500 per adjustment",How much is the adjustment fee for self-ligating braces?,Magkano po ang adjustment fee para sa self-ligating braces?,"The adjustment fee for self-ligating braces costs ₱3,500.","Ang bawat adjustment para sa self-ligating braces ay nagkakahalaga ng ₱3,500.",Adjustment fee for self ligating; Tightening cost for self-ligating braces; How much monthly adjustment self ligating?,Magkano adjustment ng self-ligating braces?; Monthly fee self ligating; Magkano pahigpit ng self-ligating braces?
Pricelist,Orthodontics (Braces),Self-Ligating Braces - Recementing,Maintenance / Repair,₱500,How much is recementing for self-ligating braces?,Magkano po ang recementing para sa self-ligating braces?,Recementing for self-ligating brackets costs ₱500.,Ang muling pagkakabit (recementing) ng self-ligating bracket ay nagkakahalaga ng ₱500.,Recementing self-ligating bracket; Reattachment fee for self ligating; How much to recement self ligating?,Magkano ikabit ulit ang self-ligating bracket?; Recementing fee self ligating; Padikit ng natanggal na self ligating bracket
Pricelist,Orthodontics (Braces),Self-Ligating Braces - Lost Bracket Replacement,Replacement,"₱3,000 per bracket",How much is a lost bracket replacement for self-ligating braces?,Magkano po ang bayad kapag nawalan ng bracket sa self-ligating braces?,"A lost bracket replacement for self-ligating braces costs ₱3,000.","Ang kapalit para sa nawalang self-ligating bracket ay nagkakahalaga ng ₱3,000 bawat bracket.",Lost self-ligating bracket cost; Replacement fee for lost self ligating bracket; How much for replacement self ligating bracket?,Nawala ang self-ligating bracket magkano?; Replacement fee lost bracket self ligating; Presyo ng nawalang self ligating bracket
Pricelist,Orthodontics (Braces),Sapphire Braces - Total Package,Total Package,"₱100,000",How much do sapphire braces cost?,Magkano po ang kabuuang package ng sapphire braces?,"The total package price for sapphire braces is ₱100,000.","Ang kabuuang presyo para sa sapphire braces ay ₱100,000.",Cost of sapphire crystal braces; Total price for sapphire braces; How much are sapphire braces?,Magkano ang sapphire braces?; Presyo ng sapphire crystal braces; Magkano buong bayad sa sapphire braces?
Pricelist,Orthodontics (Braces),Sapphire Braces - Down Payment,Payment Plan / DP,"₱30,000",How much is the down payment for sapphire braces?,Magkano po ang down payment para sa sapphire braces?,"The down payment for sapphire braces is ₱30,000.","Ang down payment para sa sapphire braces ay ₱30,000.",DP for sapphire braces; Initial payment sapphire braces; How much down payment for sapphire?,Magkano DP ng sapphire braces?; Initial payment sa sapphire braces; Paunang bayad sa sapphire braces
Pricelist,Orthodontics (Braces),Sapphire Braces - Monthly Adjustment,Monthly Maintenance,"₱3,000 per adjustment",How much is the adjustment fee for sapphire braces?,Magkano po ang buwanang adjustment fee para sa sapphire braces?,"Monthly adjustment for sapphire braces costs ₱3,000.","Ang buwanang adjustment para sa sapphire braces ay nagkakahalaga ng ₱3,000.",Monthly adjustment cost sapphire braces; Sapphire adjustment fee; How much per adjustment sapphire braces?,Magkano monthly adjustment sapphire braces?; Monthly tightening fee sapphire; Presyo ng adjustment sa sapphire braces
Pricelist,Orthodontics (Braces),Sapphire Braces - Recementing,Maintenance / Repair,₱500,How much is recementing for sapphire braces?,Magkano po ang recementing para sa sapphire braces?,Recementing for sapphire brackets costs ₱500.,Ang muling pagkakabit (recementing) ng bracket sa sapphire braces ay nagkakahalaga ng ₱500.,Recementing sapphire bracket; How much to reattach sapphire bracket?; Reattachment fee sapphire braces,Magkano padikit ulit ng sapphire bracket?; Recement fee sapphire braces; Natanggal na bracket sa sapphire braces presyo
Pricelist,Orthodontics (Braces),Braces Removal - Existing Patients,Debonding / Removal,"₱3,000",How much does braces removal cost for existing patients?,Magkano po ang pagpapatanggal ng braces para sa existing patients?,"Braces removal costs ₱3,000 for existing clinic patients.","Ang pagpapatanggal ng braces (debonding) ay nagkakahalaga ng ₱3,000 para sa mga kasalukuyang pasyente ng klinika.",Cost to remove braces for current patients; Debonding fee existing patients; Braces removal price TeethTalk patients,Magkano tanggal ng braces sa dati nang pasyente?; Removal fee braces existing patient; Magkano magpatanggal ng braces dito nagpakabit?
Pricelist,Orthodontics (Braces),Braces Removal - Non-Patients,Debonding / Removal,"₱5,000",How much does braces removal cost for non-patients?,Magkano po ang pagpapatanggal ng braces para sa mga non-patients / galing sa ibang klinika?,"Braces removal costs ₱5,000 for non-patients / patients from other clinics.","Ang pagpapatanggal ng braces ay nagkakahalaga ng ₱5,000 para sa mga non-patients o nagpakabit mula sa ibang klinika.",Cost to remove braces from outside clinic; Braces removal fee non-patients; Can you remove braces from another clinic?,Magkano magpatanggal ng braces galing sa ibang clinic?; Braces removal fee sa hindi pasyente rito; Pwede ba magpatanggal ng braces kahit sa iba nagpakabit?
Pricelist,Orthodontics (Braces),TADS (Temporary Anchorage Devices / Miniscrews),Orthodontic Anchorage,"₱15,000",How much does TADS cost?,Magkano po ang TADS (miniscrews)?,"TADS (Temporary Anchorage Devices) cost ₱15,000.","Ang TADS (Temporary Anchorage Devices / miniscrews) ay nagkakahalaga ng ₱15,000.",Cost of dental mini screws / TADS; TADS price; How much for temporary anchorage device orthodontic miniscrews?,Presyo ng TADS miniscrew; Magkano ang mini screw sa braces?; Halaga ng temporary anchorage devices
Pricelist,Radiograph (Dental X-Ray),Periapical X-ray,Diagnostic Imaging,₱500,How much is a periapical X-ray?,Magkano po ang periapical X-ray?,A periapical X-ray costs ₱500.,Ang periapical X-ray ay nagkakahalaga ng ₱500.,Price of periapical X-ray; Cost of single tooth X-ray; Small dental X-ray price; PA X-ray fee,Presyo ng periapical X-ray; Magkano ang maliit na dental X-ray?; Magkano X-ray sa isang ngipin?
Pricelist,Radiograph (Dental X-Ray),Panoramic X-ray,Diagnostic Imaging,"₱1,000",How much is a panoramic X-ray?,Magkano po ang panoramic X-ray?,"A panoramic X-ray costs ₱1,000.","Ang panoramic X-ray ay nagkakahalaga ng ₱1,000.",Cost of panoramic X-ray; Full mouth dental X-ray price; Panoramic radiograph fee; OPG X-ray price,Presyo ng panoramic dental X-ray; Magkano full mouth X-ray?; Magkano panoramic radiograph?
Pricelist,Retainers,Hawley Retainer,Orthodontic Retention,"₱5,000 per arch",How much is a Hawley retainer?,Magkano po ang Hawley retainer?,"A Hawley retainer costs ₱5,000 per arch.","Ang tradisyonal na Hawley retainer ay nagkakahalaga ng ₱5,000 bawat arch (itaas o ibaba).",Price of wire/Hawley retainer; Hawley retainer cost per arch; How much is traditional retainer?,Magkano ang retainer na may wire?; Presyo ng Hawley retainer kada arch; Magkano regular retainer pagkatapos ng braces?
Pricelist,Retainers,Clear Retainer / Essex,Orthodontic Retention,"₱10,000 per arch",How much is a clear retainer?,Magkano po ang clear retainer (Essex)?,"A clear retainer (Essex) costs ₱10,000 per arch.","Ang transparent na clear retainer (Essex) ay nagkakahalaga ng ₱10,000 bawat arch (itaas o ibaba).",Cost of clear retainer; Essix retainer price; Invisible retainer cost per arch; Transparent retainer price,Magkano ang clear retainer?; Presyo ng transparent/invisible retainer; Magkano Essix retainer bawat arch?
Pricelist,Retainers,Lingual Retainer (Fixed),Orthodontic Retention,"₱8,000 per arch",How much is a lingual retainer?,Magkano po ang lingual retainer (permanent / fixed)?,"A fixed lingual retainer costs ₱8,000 per arch.","Ang fixed o permanenteng lingual retainer ay nagkakahalaga ng ₱8,000 bawat arch.",Permanent retainer cost; Lingual wire retainer price; Fixed retainer fee per arch,Presyo ng permanent retainer; Magkano ang nakadikit na lingual retainer?; Magkano fixed retainer sa likod ng ngipin?
Pricelist,Retainers,Pontic on Retainer,Retainer Add-on,₱500 per pontic,How much is an additional pontic?,Magkano po ang karagdagang pontic sa retainer?,An additional pontic on a retainer costs ₱500 per pontic.,Ang karagdagang pontic (pekeng ngipin sa retainer) ay nagkakahalaga ng ₱500 bawat pontic.,Cost of pontic on retainer; False tooth on retainer price; Retainer pontic fee,Magkano magpalagay ng ngipin sa retainer?; Presyo ng dagdag na pontic sa retainer; Retainer na may artificial tooth price
Pricelist,TMJ Therapy,TMJ Consultation (Initial),Specialist Consultation,₱500,How much is a TMJ consultation?,Magkano po ang TMJ consultation?,The TMJ consultation fee is ₱500.,Ang paunang consultation fee para sa TMJ ay ₱500.,TMJ checkup cost; TMJ consultation price; How much is jaw pain consultation?,Presyo ng checkup sa TMJ; Magkano pa-checkup ng sumasakit na panga / TMJ?; Magkano consultation sa TMJ specialist?
Pricelist,TMJ Therapy,TMJ Second Appointment,Follow-up Session,"₱1,500",How much is the second TMJ appointment?,Magkano po ang ikalawang (2nd) TMJ appointment?,"The second TMJ appointment costs ₱1,500.","Ang ikalawang appointment para sa TMJ treatment ay nagkakahalaga ng ₱1,500.",Second TMJ session cost; TMJ follow-up fee; Cost of 2nd TMJ appointment,Presyo ng pangalawang TMJ appointment; Magkano ang 2nd visit sa TMJ?; Follow-up checkup cost para sa TMJ
Pricelist,TMJ Therapy,TMJ Appliance,Therapeutic Appliance,"₱10,000",How much is the TMJ appliance?,Magkano po ang TMJ appliance?,"The TMJ appliance costs ₱10,000.","Ang TMJ appliance ay nagkakahalaga ng ₱10,000.",Cost of TMJ splint/appliance; Jaw appliance price; TMJ mouthguard/appliance cost,Presyo ng TMJ splint / appliance; Magkano mouthguard o gamit sa TMJ?; Halaga ng TMJ appliance
Pricelist,TMJ Therapy,TMJ Fourth Appointment (6-Month Package),Extended Treatment Package,"₱30,000 (covers 6 months)",How much is the fourth TMJ appointment?,Magkano po ang ikaapat (4th) na appointment para sa TMJ?,"The fourth TMJ appointment costs ₱30,000, covering a 6-month treatment period.","Ang ikaapat na TMJ appointment ay nagkakahalaga ng ₱30,000, na sumasaklaw sa 6 na buwang gamutan.",Fourth TMJ appointment price; 6-month TMJ package fee; Cost of extended TMJ care,Presyo ng 4th TMJ appointment; Magkano ang 6 months TMJ package?; Halaga ng pang-apat na sesyon sa TMJ
Pricelist,Orthodontic Appliances,Splint,Occlusal Appliance,"₱10,000–₱20,000",How much is a splint?,Magkano po ang occlusal splint?,"An occlusal splint costs ₱10,000 to ₱20,000.","Ang dental splint ay nagkakahalaga ng ₱10,000 hanggang ₱20,000.",Cost of dental splint; Bite splint price; How much is a dental splint?,Presyo ng dental splint; Magkano ang bite splint?; Halaga ng occlusal splint
Pricelist,Orthodontic Appliances,SVED Appliance,Orthodontic Appliance,"₱10,000–₱20,000",How much is an SVED appliance?,Magkano po ang SVED appliance?,"An SVED appliance costs ₱10,000 to ₱20,000.","Ang SVED appliance ay nagkakahalaga ng ₱10,000 hanggang ₱20,000.",SVED appliance price; Cost of SVED bite appliance; How much is SVED?,Presyo ng SVED appliance; Magkano ang SVED?; Halaga ng SVED orthodontic appliance
Pricelist,Orthodontic Appliances,Sagittal Appliance,Arch Expansion Appliance,"₱10,000–₱20,000",How much is a sagittal appliance?,Magkano po ang sagittal appliance?,"A sagittal appliance costs ₱10,000 to ₱20,000.","Ang sagittal appliance ay nagkakahalaga ng ₱10,000 hanggang ₱20,000.",Sagittal appliance cost; Sagittal plate price; How much is sagittal expansion appliance?,Presyo ng sagittal appliance; Magkano ang sagittal plate?; Halaga ng sagittal expander
Pricelist,Orthodontic Appliances,Transverse Appliance,Arch Expansion Appliance,"₱10,000–₱20,000",How much is a transverse appliance?,Magkano po ang transverse appliance?,"A transverse appliance costs ₱10,000 to ₱20,000.","Ang transverse appliance ay nagkakahalaga ng ₱10,000 hanggang ₱20,000.",Transverse appliance price; Cost of transverse expander; How much is transverse appliance?,Presyo ng transverse appliance; Magkano ang transverse expander?; Halaga ng transverse plate
Pricelist,Orthodontic Appliances,Bite Plane,Orthodontic Appliance,"₱10,000",How much is a bite plane?,Magkano po ang bite plane?,"A bite plane costs ₱10,000.","Ang bite plane appliance ay nagkakahalaga ng ₱10,000.",Bite plane cost; Price of anterior/posterior bite plane; How much is a bite plane?,Presyo ng bite plane; Magkano ang dental bite plane?; Halaga ng anterior / posterior bite plane
